

-- ----------------------------
-- Table structure for app
-- ----------------------------
DROP TABLE IF EXISTS "public"."app";
CREATE TABLE "public"."app" (
  "id" int8 NOT NULL GENERATED BY DEFAULT AS IDENTITY (
INCREMENT 1
MINVALUE  1
MAXVALUE 9223372036854775807
START 1
CACHE 1
),
  "created_at" timestamptz(6) DEFAULT now(),
  "app_id" varchar COLLATE "pg_catalog"."default"
)
;

-- ----------------------------
-- Records of app
-- ----------------------------
INSERT INTO "public"."app" VALUES (1, '2023-02-24 05:32:59.673423+00', 'jails');

-- ----------------------------
-- Table structure for telepon
-- ----------------------------
DROP TABLE IF EXISTS "public"."telepon";
CREATE TABLE "public"."telepon" (
  "id" int8 NOT NULL GENERATED BY DEFAULT AS IDENTITY (
INCREMENT 1
MINVALUE  1
MAXVALUE 9223372036854775807
START 1
CACHE 1
),
  "created_at" timestamptz(6) DEFAULT now(),
  "nama" varchar(50) COLLATE "pg_catalog"."default",
  "nomor" varchar(13) COLLATE "pg_catalog"."default"
)
;

-- ----------------------------
-- Records of telepon
-- ----------------------------
INSERT INTO "public"."telepon" VALUES (1, '2023-02-24 05:58:08.854775+00', 'Heri', '08576666762');
INSERT INTO "public"."telepon" VALUES (2, '2023-02-24 05:58:31.114653+00', 'Adul', '08576666770');
INSERT INTO "public"."telepon" VALUES (3, '2023-02-24 05:58:47.791402+00', 'Jarot', '08576666765');

-- ----------------------------
-- Table structure for tts_project
-- ----------------------------
DROP TABLE IF EXISTS "public"."tts_project";
CREATE TABLE "public"."tts_project" (
  "id" varchar(255) COLLATE "pg_catalog"."default" NOT NULL,
  "text" text COLLATE "pg_catalog"."default",
  "word_count" int4,
  "word_list" json,
  "output_file" varchar(255) COLLATE "pg_catalog"."default",
  "name" varchar COLLATE "pg_catalog"."default"
)
;

-- ----------------------------
-- Records of tts_project
-- ----------------------------
INSERT INTO "public"."tts_project" VALUES ('0eb81f8c52f3f50e5c7fdcd50e124d33', 'keputusan politik harus di ukur sejauh mungkin', 7, '["keputusan","politik","harus","di","ukur","sejauh","mungkin"]', '', '0eb81f8c52f3f50e5c7fdcd50e124d33');
INSERT INTO "public"."tts_project" VALUES ('7f634e946b04f9564d2d96ca65dcfee6', 'keputusan politik harus di ukur sejauh mungkin karena akan mempengaruhi beberapa hal yang krusial', 14, '["keputusan","politik","harus","di","ukur","sejauh","mungkin","karena","akan","mempengaruhi","beberapa","hal","yang","krusial"]', '', '7f634e946b04f9564d2d96ca65dcfee6');

-- ----------------------------
-- Table structure for word_list
-- ----------------------------
DROP TABLE IF EXISTS "public"."word_list";
CREATE TABLE "public"."word_list" (
  "id" int4 NOT NULL GENERATED BY DEFAULT AS IDENTITY (
INCREMENT 1
MINVALUE  1
MAXVALUE 2147483647
START 1
CACHE 1
),
  "content" varchar(255) COLLATE "pg_catalog"."default"
)
;

-- ----------------------------
-- Records of word_list
-- ----------------------------
INSERT INTO "public"."word_list" VALUES (11, 'keputusan');
INSERT INTO "public"."word_list" VALUES (12, 'politik');
INSERT INTO "public"."word_list" VALUES (13, 'harus');
INSERT INTO "public"."word_list" VALUES (14, 'di');
INSERT INTO "public"."word_list" VALUES (15, 'ukur');
INSERT INTO "public"."word_list" VALUES (16, 'sejauh');
INSERT INTO "public"."word_list" VALUES (17, 'mungkin');
INSERT INTO "public"."word_list" VALUES (18, 'okeh');
INSERT INTO "public"."word_list" VALUES (19, 'karena');
INSERT INTO "public"."word_list" VALUES (20, 'akan');
INSERT INTO "public"."word_list" VALUES (21, 'mempengaruhi');
INSERT INTO "public"."word_list" VALUES (22, 'beberapa');
INSERT INTO "public"."word_list" VALUES (23, 'hal');
INSERT INTO "public"."word_list" VALUES (24, 'yang');
INSERT INTO "public"."word_list" VALUES (25, 'krusial');

-- ----------------------------
-- Table structure for word_list_ttf
-- ----------------------------
DROP TABLE IF EXISTS "public"."word_list_ttf";
CREATE TABLE "public"."word_list_ttf" (
  "id" int4 NOT NULL GENERATED BY DEFAULT AS IDENTITY (
INCREMENT 1
MINVALUE  1
MAXVALUE 2147483647
START 1
CACHE 1
),
  "content" varchar(255) COLLATE "pg_catalog"."default",
  "path" varchar(255) COLLATE "pg_catalog"."default",
  "word_id" int4
)
;

-- ----------------------------
-- Records of word_list_ttf
-- ----------------------------
INSERT INTO "public"."word_list_ttf" VALUES (15, 'kəpuˈtusan
', '', 11);
INSERT INTO "public"."word_list_ttf" VALUES (16, 'poˈlitɪʔ
', '', 12);
INSERT INTO "public"."word_list_ttf" VALUES (17, 'ˈharʊs
', '', 13);
INSERT INTO "public"."word_list_ttf" VALUES (18, 'di
', '', 14);
INSERT INTO "public"."word_list_ttf" VALUES (19, 'ˈukʊr
', '', 15);
INSERT INTO "public"."word_list_ttf" VALUES (20, 'səˈdʒaʊh
', '', 16);
INSERT INTO "public"."word_list_ttf" VALUES (21, 'ˈmuŋkɪn
', '', 17);
INSERT INTO "public"."word_list_ttf" VALUES (22, 'ˈokɛh
', '', 18);
INSERT INTO "public"."word_list_ttf" VALUES (23, 'karəˈna
', '', 19);
INSERT INTO "public"."word_list_ttf" VALUES (24, 'ˈakan
', '', 20);
INSERT INTO "public"."word_list_ttf" VALUES (25, 'məmpəŋaˈruhi
', '', 21);
INSERT INTO "public"."word_list_ttf" VALUES (26, 'bəbəˈrapa
', '', 22);
INSERT INTO "public"."word_list_ttf" VALUES (27, 'hal
', '', 23);
INSERT INTO "public"."word_list_ttf" VALUES (28, 'jaŋ
', '', 24);
INSERT INTO "public"."word_list_ttf" VALUES (29, 'kruˈsial
', '', 25);

-- ----------------------------
-- Alter sequences owned by
-- ----------------------------
ALTER SEQUENCE "public"."app_id_seq"
OWNED BY "public"."app"."id";
SELECT setval('"public"."app_id_seq"', 1, true);

-- ----------------------------
-- Alter sequences owned by
-- ----------------------------
ALTER SEQUENCE "public"."telepon_id_seq"
OWNED BY "public"."telepon"."id";
SELECT setval('"public"."telepon_id_seq"', 3, true);

-- ----------------------------
-- Alter sequences owned by
-- ----------------------------
ALTER SEQUENCE "public"."word_list_id_seq"
OWNED BY "public"."word_list"."id";
SELECT setval('"public"."word_list_id_seq"', 25, true);

-- ----------------------------
-- Alter sequences owned by
-- ----------------------------
ALTER SEQUENCE "public"."word_list_ttf_id_seq"
OWNED BY "public"."word_list_ttf"."id";
SELECT setval('"public"."word_list_ttf_id_seq"', 29, true);

-- ----------------------------
-- Auto increment value for app
-- ----------------------------
SELECT setval('"public"."app_id_seq"', 1, true);

-- ----------------------------
-- Primary Key structure for table app
-- ----------------------------
ALTER TABLE "public"."app" ADD CONSTRAINT "app_pkey" PRIMARY KEY ("id");

-- ----------------------------
-- Auto increment value for telepon
-- ----------------------------
SELECT setval('"public"."telepon_id_seq"', 3, true);

-- ----------------------------
-- Primary Key structure for table telepon
-- ----------------------------
ALTER TABLE "public"."telepon" ADD CONSTRAINT "telepon_pkey" PRIMARY KEY ("id");

-- ----------------------------
-- Primary Key structure for table tts_project
-- ----------------------------
ALTER TABLE "public"."tts_project" ADD CONSTRAINT "tts_project_pkey" PRIMARY KEY ("id");

-- ----------------------------
-- Auto increment value for word_list
-- ----------------------------
SELECT setval('"public"."word_list_id_seq"', 25, true);

-- ----------------------------
-- Primary Key structure for table word_list
-- ----------------------------
ALTER TABLE "public"."word_list" ADD CONSTRAINT "word_list_pkey" PRIMARY KEY ("id");

-- ----------------------------
-- Auto increment value for word_list_ttf
-- ----------------------------
SELECT setval('"public"."word_list_ttf_id_seq"', 29, true);

-- ----------------------------
-- Primary Key structure for table word_list_ttf
-- ----------------------------
ALTER TABLE "public"."word_list_ttf" ADD CONSTRAINT "word_list_ttf_pkey" PRIMARY KEY ("id");
